index,sex,age,race,marital-status,education,native-country,workclass,occupation
392_a,*,17,*,Never-married,High School,United-States,*,*
799_a,*,17,*,Never-married,High School,United-States,*,*
1358_a,*,17,*,Never-married,High School,United-States,*,*
1398_a,*,17,*,Never-married,High School,United-States,*,*
345_a,*,17,*,Never-married,High School,United-States,*,*
685_a,*,17,White,Never-married,High School,United-States,Non-Government,*
1424_a,*,17,White,Never-married,High School,United-States,Non-Government,*
195_a,*,17,White,Never-married,High School,United-States,Non-Government,*
619_a,*,17,White,Never-married,High School,United-States,Non-Government,*
560_a,*,17,White,Never-married,High School,United-States,Non-Government,*
441_a,*,17,White,Never-married,High School,United-States,Non-Government,*
1429_a,*,17,White,Never-married,High School,United-States,Private,*
740_a,*,17,White,Never-married,High School,United-States,Private,*
528_a,*,17,White,Never-married,High School,United-States,Private,*
748_a,*,17,White,Never-married,High School,United-States,Private,*
243_a,*,17,White,Never-married,High School,United-States,Private,*
623_a,*,17,White,Never-married,High School,United-States,Private,*
772_a,*,16-20,White,Never-married,*,North America,Private,*
990_a,*,16-20,White,Never-married,*,North America,Private,*
312_a,*,16-20,White,Never-married,*,North America,Private,*
1276_a,*,16-20,White,Never-married,*,North America,Private,*
251_a,*,16-20,White,Never-married,*,North America,Private,*
869_a,*,16-20,White,Never-married,*,North America,Private,*
156_a,*,18,White,Never-married,High School,United-States,*,*
210_a,*,18,White,Never-married,High School,United-States,*,*
74_a,*,18,White,Never-married,High School,United-States,*,*
631_a,*,18,White,Never-married,High School,United-States,*,*
792_a,*,18,White,Never-married,High School,United-States,*,*
1103_a,*,18,White,Never-married,High School,North America,Private,*
726_a,*,18,White,Never-married,High School,North America,Private,*
1436_a,*,18,White,Never-married,High School,North America,Private,*
191_a,*,18,White,Never-married,High School,North America,Private,*
654_a,*,18,White,Never-married,High School,North America,Private,*
166_a,*,18,White,Never-married,High School,North America,Private,*
1279_a,*,16-20,*,Never-married,*,United-States,*,Other
72_a,*,16-20,*,Never-married,*,United-States,*,Other
541_a,*,16-20,*,Never-married,*,United-States,*,Other
879_a,*,16-20,*,Never-married,*,United-States,*,Other
116_a,*,16-20,*,Never-married,*,United-States,*,Other
468_a,*,16-20,*,Never-married,*,United-States,*,Other
418_a,*,19,*,Never-married,*,North America,Private,*
65_a,*,19,*,Never-married,*,North America,Private,*
315_a,*,19,*,Never-married,*,North America,Private,*
644_a,*,19,*,Never-married,*,North America,Private,*
363_a,*,19,*,Never-married,*,North America,Private,*
1099_a,*,19,*,Never-married,*,North America,Private,*
1446_a,*,19,White,Never-married,*,United-States,*,*
234_a,*,19,White,Never-married,*,United-States,*,*
362_a,*,19,White,Never-married,*,United-States,*,*
586_a,*,19,White,Never-married,*,United-States,*,*
681_a,*,19,White,Never-married,*,United-States,*,*
997_a,*,19,White,spouse not present,*,North America,*,*
26_a,*,19,White,spouse not present,*,North America,*,*
1312_a,*,19,White,spouse not present,*,North America,*,*
661_a,*,19,White,spouse not present,*,North America,*,*
552_a,*,19,White,spouse not present,*,North America,*,*
133_a,*,19,White,spouse not present,*,North America,*,*
991_a,*,19,White,Never-married,*,United-States,Non-Government,*
1466_a,*,19,White,Never-married,*,United-States,Non-Government,*
1271_a,*,19,White,Never-married,*,United-States,Non-Government,*
811_a,*,19,White,Never-married,*,United-States,Non-Government,*
1379_a,*,19,White,Never-married,*,United-States,Non-Government,*
1051_a,*,19,White,Never-married,*,United-States,Non-Government,*
521_a,*,16-20,*,*,*,United-States,*,*
1068_a,*,16-20,*,*,*,United-States,*,*
349_a,*,16-20,*,*,*,United-States,*,*
36_a,*,16-20,*,*,*,United-States,*,*
1038_a,*,16-20,*,*,*,United-States,*,*
923_a,*,16-20,*,*,*,United-States,*,*
417_a,*,20,White,*,*,United-States,Private,*
1223_a,*,20,White,*,*,United-States,Private,*
639_a,*,20,White,*,*,United-States,Private,*
1052_a,*,20,White,*,*,United-States,Private,*
1402_a,*,20,White,*,*,United-States,Private,*
1081_a,*,20,White,*,*,United-States,Private,*
1404_a,*,20,*,Never-married,Some-college,United-States,Private,*
30_a,*,20,*,Never-married,Some-college,United-States,Private,*
613_a,*,20,*,Never-married,Some-college,United-States,Private,*
129_a,*,20,*,Never-married,Some-college,United-States,Private,*
600_a,*,20,*,Never-married,Some-college,United-States,Private,*
1117_a,*,20,*,Never-married,Some-college,United-States,Private,*
1258_a,*,20,White,Never-married,*,United-States,*,*
414_a,*,20,White,Never-married,*,United-States,*,*
952_a,*,20,White,Never-married,*,United-States,*,*
890_a,*,20,White,Never-married,*,United-States,*,*
670_a,*,20,White,Never-married,*,United-States,*,*
1382_a,*,20,White,Never-married,*,United-States,*,*
372_a,*,20,White,*,*,United-States,Private,*
964_a,*,20,White,*,*,United-States,Private,*
391_a,*,20,White,*,*,United-States,Private,*
1215_a,*,20,White,*,*,United-States,Private,*
237_a,*,20,White,*,*,United-States,Private,*
1172_a,*,20,White,*,*,United-States,Private,*
744_a,*,20,*,*,*,United-States,Private,Other
870_a,*,20,*,*,*,United-States,Private,Other
96_a,*,20,*,*,*,United-States,Private,Other
1387_a,*,20,*,*,*,United-States,Private,Other
118_a,*,20,*,*,*,United-States,Private,Other
164_a,*,*,*,Never-married,*,United-States,Private,*
143_a,*,*,*,Never-married,*,United-States,Private,*
459_a,*,*,*,Never-married,*,United-States,Private,*
505_a,*,*,*,Never-married,*,United-States,Private,*
112_a,*,*,*,Never-married,*,United-States,Private,*
847_a,*,*,*,Never-married,*,United-States,Private,*
798_a,Male,21,*,Never-married,*,United-States,Private,*
593_a,Male,21,*,Never-married,*,United-States,Private,*
647_a,Male,21,*,Never-married,*,United-States,Private,*
273_a,Male,21,*,Never-married,*,United-States,Private,*
1010_a,Male,21,*,Never-married,*,United-States,Private,*
1180_a,Male,21,*,Never-married,*,United-States,Private,*
900_a,*,21,*,Never-married,Undergraduate,United-States,Private,*
35_a,*,21,*,Never-married,Undergraduate,United-States,Private,*
587_a,*,21,*,Never-married,Undergraduate,United-States,Private,*
539_a,*,21,*,Never-married,Undergraduate,United-States,Private,*
280_a,*,21,*,Never-married,Undergraduate,United-States,Private,*
1435_a,*,21,*,Never-married,Undergraduate,United-States,Private,*
1338_a,*,21-25,White,*,*,North America,Private,Other
295_a,*,21-25,White,*,*,North America,Private,Other
264_a,*,21-25,White,*,*,North America,Private,Other
442_a,*,21-25,White,*,*,North America,Private,Other
341_a,*,21-25,White,*,*,North America,Private,Other
1192_a,*,21-25,White,*,*,North America,Private,Other
941_a,*,22,White,spouse not present,*,*,Non-Government,*
1162_a,*,22,White,spouse not present,*,*,Non-Government,*
260_a,*,22,White,spouse not present,*,*,Non-Government,*
338_a,*,22,White,spouse not present,*,*,Non-Government,*
855_a,*,22,White,spouse not present,*,*,Non-Government,*
1251_a,*,22,White,spouse not present,*,*,Non-Government,*
1417_a,*,22,*,*,*,Asia,*,*
1470_a,*,22,*,*,*,Asia,*,*
1011_a,*,22,*,*,*,Asia,*,*
1354_a,*,22,*,*,*,Asia,*,*
993_a,*,22,*,*,*,Asia,*,*
1083_a,*,22,*,*,*,Asia,*,*
826_a,*,22,White,*,*,United-States,*,Nontechnical
1195_a,*,22,White,*,*,United-States,*,Nontechnical
986_a,*,22,White,*,*,United-States,*,Nontechnical
692_a,*,22,White,*,*,United-States,*,Nontechnical
622_a,*,22,White,*,*,United-States,*,Nontechnical
292_a,*,22,White,*,*,United-States,*,Nontechnical
1458_a,*,22,*,*,*,*,*,*
111_a,*,22,*,*,*,*,*,*
708_a,*,22,*,*,*,*,*,*
905_a,*,22,*,*,*,*,*,*
321_a,*,22,*,*,*,*,*,*
831_a,*,22,*,*,*,United-States,*,*
662_a,*,22,*,*,*,United-States,*,*
747_a,*,22,*,*,*,United-States,*,*
33_a,*,22,*,*,*,United-States,*,*
731_a,*,22,*,*,*,United-States,*,*
137_a,*,22,*,*,*,United-States,*,*
630_a,*,23,*,*,*,North America,*,*
958_a,*,23,*,*,*,North America,*,*
398_a,*,23,*,*,*,North America,*,*
1459_a,*,23,*,*,*,North America,*,*
1433_a,*,23,*,*,*,North America,*,*
407_a,*,23,*,*,*,North America,*,*
425_a,*,23,*,*,*,United-States,Private,Other
946_a,*,23,*,*,*,United-States,Private,Other
145_a,*,23,*,*,*,United-States,Private,Other
1135_a,*,23,*,*,*,United-States,Private,Other
351_a,*,23,*,*,*,United-States,Private,Other
444_a,*,23,*,*,*,United-States,Private,Other
817_a,*,23,*,spouse not present,*,United-States,*,*
716_a,*,23,*,spouse not present,*,United-States,*,*
842_a,*,23,*,spouse not present,*,United-States,*,*
729_a,*,23,*,spouse not present,*,United-States,*,*
672_a,*,23,*,spouse not present,*,United-States,*,*
29_a,*,23,*,spouse not present,*,United-States,*,*
182_a,*,23,*,*,*,North America,*,*
694_a,*,23,*,*,*,North America,*,*
926_a,*,23,*,*,*,North America,*,*
808_a,*,23,*,*,*,North America,*,*
571_a,*,23,*,*,*,North America,*,*
1269_a,*,23,*,*,*,North America,*,*
223_a,*,23,*,*,*,North America,Private,Other
1224_a,*,23,*,*,*,North America,Private,Other
859_a,*,23,*,*,*,North America,Private,Other
1428_a,*,23,*,*,*,North America,Private,Other
13_a,*,23,*,*,*,North America,Private,Other
359_a,*,23,*,*,*,North America,Private,Other
1248_a,*,23,White,*,*,North America,*,*
68_a,*,23,White,*,*,North America,*,*
640_a,*,23,White,*,*,North America,*,*
848_a,*,23,White,*,*,North America,*,*
460_a,*,23,White,*,*,North America,*,*
963_a,*,23,White,*,*,North America,*,*
526_a,*,21-25,White,*,*,*,*,*
563_a,*,21-25,White,*,*,*,*,*
546_a,*,21-25,White,*,*,*,*,*
411_a,*,21-25,White,*,*,*,*,*
462_a,*,21-25,White,*,*,*,*,*
617_a,*,24,*,Never-married,*,United-States,Private,*
835_a,*,24,*,Never-married,*,United-States,Private,*
430_a,*,24,*,Never-married,*,United-States,Private,*
1220_a,*,24,*,Never-married,*,United-States,Private,*
1467_a,*,24,*,Never-married,*,United-States,Private,*
102_a,*,24,*,Never-married,*,United-States,Private,*
770_a,*,24,*,Never-married,*,United-States,Non-Government,*
293_a,*,24,*,Never-married,*,United-States,Non-Government,*
382_a,*,24,*,Never-married,*,United-States,Non-Government,*
797_a,*,24,*,Never-married,*,United-States,Non-Government,*
186_a,*,24,*,Never-married,*,United-States,Non-Government,*
1348_a,*,24,*,Never-married,*,United-States,Non-Government,*
803_a,*,24,*,*,*,United-States,Non-Government,Other
562_a,*,24,*,*,*,United-States,Non-Government,Other
178_a,*,24,*,*,*,United-States,Non-Government,Other
519_a,*,24,*,*,*,United-States,Non-Government,Other
763_a,*,24,*,*,*,United-States,Non-Government,Other
737_a,*,24,*,*,*,United-States,Non-Government,Other
601_a,*,24,*,*,*,United-States,*,*
259_a,*,24,*,*,*,United-States,*,*
961_a,*,24,*,*,*,United-States,*,*
480_a,*,24,*,*,*,United-States,*,*
1431_a,*,24,*,*,*,United-States,*,*
122_a,*,24,*,*,*,United-States,*,*
1210_a,*,24,*,*,*,United-States,*,*
637_a,*,24,*,*,*,United-States,*,*
1449_a,*,24,*,*,*,United-States,*,*
1290_a,*,24,*,*,*,United-States,*,*
1445_a,*,24,*,*,*,United-States,*,*
226_a,*,24,*,*,*,United-States,*,*
467_a,*,24,*,*,*,*,*,*
277_a,*,24,*,*,*,*,*,*
40_a,*,24,*,*,*,*,*,*
1093_a,*,24,*,*,*,*,*,*
283_a,*,24,*,*,*,*,*,*
1086_a,*,24,*,*,*,*,*,*
370_a,*,25,*,*,*,United-States,Private,*
1171_a,*,25,*,*,*,United-States,Private,*
549_a,*,25,*,*,*,United-States,Private,*
1268_a,*,25,*,*,*,United-States,Private,*
1061_a,*,25,*,*,*,United-States,Private,*
675_a,*,25,*,*,*,United-States,Private,*
268_a,*,25,*,*,*,United-States,Private,*
396_a,*,25,*,*,*,United-States,Private,*
356_a,*,25,*,*,*,United-States,Private,*
466_a,*,25,*,*,*,United-States,Private,*
476_a,*,25,*,*,*,United-States,Private,*
849_a,*,25,*,*,*,United-States,Private,Other
1222_a,*,25,*,*,*,United-States,Private,Other
1389_a,*,25,*,*,*,United-States,Private,Other
885_a,*,25,*,*,*,United-States,Private,Other
768_a,*,25,*,*,*,United-States,Private,Other
1367_a,*,25,*,*,*,United-States,Private,Other
1397_a,*,25,*,*,*,United-States,Private,*
48_a,*,25,*,*,*,United-States,Private,*
1434_a,*,25,*,*,*,United-States,Private,*
1332_a,*,25,*,*,*,United-States,Private,*
216_a,*,25,*,*,*,United-States,Private,*
149_a,*,25,*,*,*,United-States,Private,*
1337_a,*,25,*,spouse not present,*,United-States,Non-Government,*
733_a,*,25,*,spouse not present,*,United-States,Non-Government,*
1351_a,*,25,*,spouse not present,*,United-States,Non-Government,*
42_a,*,25,*,spouse not present,*,United-States,Non-Government,*
449_a,*,25,*,spouse not present,*,United-States,Non-Government,*
16_a,*,25,*,spouse not present,*,United-States,Non-Government,*
1371_a,*,21-30,White,*,*,United-States,*,*
205_a,*,21-30,White,*,*,United-States,*,*
1270_a,*,21-30,White,*,*,United-States,*,*
258_a,*,21-30,White,*,*,United-States,*,*
899_a,*,21-30,White,*,*,United-States,*,*
1080_a,*,21-30,White,*,*,United-States,*,*
1403_a,*,26,White,*,*,North America,*,*
1461_a,*,26,White,*,*,North America,*,*
1451_a,*,26,White,*,*,North America,*,*
1203_a,*,26,White,*,*,North America,*,*
1357_a,*,26,White,*,*,North America,*,*
711_a,*,26,White,*,*,North America,*,*
1191_a,Male,26,*,*,*,United-States,Non-Government,*
534_a,Male,26,*,*,*,United-States,Non-Government,*
489_a,Male,26,*,*,*,United-States,Non-Government,*
674_a,Male,26,*,*,*,United-States,Non-Government,*
308_a,Male,26,*,*,*,United-States,Non-Government,*
1259_a,Male,26,*,*,*,United-States,Non-Government,*
591_a,*,26,White,*,*,*,*,*
333_a,*,26,White,*,*,*,*,*
564_a,*,26,White,*,*,*,*,*
461_a,*,26,White,*,*,*,*,*
932_a,*,26,White,*,*,*,*,*
783_a,*,26,White,*,*,*,*,*
245_a,*,26,*,*,*,United-States,*,*
1363_a,*,26,*,*,*,United-States,*,*
1236_a,*,26,*,*,*,United-States,*,*
344_a,*,26,*,*,*,United-States,*,*
326_a,*,26,*,*,*,United-States,*,*
1484_a,*,26,White,*,Higher education,United-States,Private,Nontechnical
785_a,*,26,White,*,Higher education,United-States,Private,Nontechnical
285_a,*,26,White,*,Higher education,United-States,Private,Nontechnical
684_a,*,26,White,*,Higher education,United-States,Private,Nontechnical
765_a,*,26,White,*,Higher education,United-States,Private,Nontechnical
317_a,*,26,White,*,Higher education,United-States,Private,Nontechnical
187_a,*,26-30,White,spouse not present,*,North America,*,*
289_a,*,26-30,White,spouse not present,*,North America,*,*
1419_a,*,26-30,White,spouse not present,*,North America,*,*
1481_a,*,26-30,White,spouse not present,*,North America,*,*
70_a,*,26-30,White,spouse not present,*,North America,*,*
635_a,*,26-30,White,spouse not present,*,North America,*,*
814_a,*,27,*,*,*,*,Private,*
1049_a,*,27,*,*,*,*,Private,*
403_a,*,27,*,*,*,*,Private,*
604_a,*,27,*,*,*,*,Private,*
838_a,*,27,*,*,*,*,Private,*
128_a,*,27,*,*,*,*,Private,*
615_a,*,27,White,*,*,United-States,*,Other
161_a,*,27,White,*,*,United-States,*,Other
1423_a,*,27,White,*,*,United-States,*,Other
1216_a,*,27,White,*,*,United-States,*,Other
1132_a,*,27,White,*,*,United-States,*,Other
1169_a,*,27,White,*,*,United-States,*,Other
696_a,*,27,*,Never-married,*,North America,*,*
1427_a,*,27,*,Never-married,*,North America,*,*
253_a,*,27,*,Never-married,*,North America,*,*
274_a,*,27,*,Never-married,*,North America,*,*
547_a,*,27,*,Never-married,*,North America,*,*
1499_a,*,27,*,Never-married,*,North America,*,*
537_a,*,27,*,*,*,United-States,*,*
1094_a,*,27,*,*,*,United-States,*,*
1277_a,*,27,*,*,*,United-States,*,*
1374_a,*,27,*,*,*,United-States,*,*
953_a,*,27,*,*,*,United-States,*,*
158_a,*,27,*,*,*,United-States,*,*
500_a,*,27,White,*,Higher education,United-States,Private,*
365_a,*,27,White,*,Higher education,United-States,Private,*
530_a,*,27,White,*,Higher education,United-States,Private,*
163_a,*,27,White,*,Higher education,United-States,Private,*
132_a,*,27,White,*,Higher education,United-States,Private,*
501_a,*,27,White,*,Higher education,United-States,Private,*
413_a,*,27,*,Never-married,*,North America,Private,*
611_a,*,27,*,Never-married,*,North America,Private,*
992_a,*,27,*,Never-married,*,North America,Private,*
443_a,*,27,*,Never-married,*,North America,Private,*
565_a,*,27,*,Never-married,*,North America,Private,*
889_a,*,28,*,*,*,North America,*,*
516_a,*,28,*,*,*,North America,*,*
720_a,*,28,*,*,*,North America,*,*
1352_a,*,28,*,*,*,North America,*,*
5_a,*,28,*,*,*,North America,*,*
218_a,*,28,*,*,*,North America,*,*
795_a,*,28,*,*,*,*,Non-Government,*
339_a,*,28,*,*,*,*,Non-Government,*
1207_a,*,28,*,*,*,*,Non-Government,*
828_a,*,28,*,*,*,*,Non-Government,*
378_a,*,28,*,*,*,*,Non-Government,*
821_a,*,28,*,*,*,*,Non-Government,*
1232_a,*,28,White,*,Higher education,North America,*,*
162_a,*,28,White,*,Higher education,North America,*,*
895_a,*,28,White,*,Higher education,North America,*,*
121_a,*,28,White,*,Higher education,North America,*,*
483_a,*,28,White,*,Higher education,North America,*,*
1319_a,*,28,White,*,Higher education,North America,*,*
151_a,*,28,*,*,*,*,*,*
1153_a,*,28,*,*,*,*,*,*
1375_a,*,28,*,*,*,*,*,*
1457_a,*,28,*,*,*,*,*,*
1067_a,*,28,*,*,*,*,*,*
1300_a,*,28,*,*,*,*,*,*
447_a,*,28,White,*,Higher education,United-States,*,*
962_a,*,28,White,*,Higher education,United-States,*,*
655_a,*,28,White,*,Higher education,United-States,*,*
1042_a,*,28,White,*,Higher education,United-States,*,*
62_a,*,28,White,*,Higher education,United-States,*,*
1170_a,*,28,White,*,Higher education,United-States,*,*
475_a,*,28,*,*,*,North America,Private,*
506_a,*,28,*,*,*,North America,Private,*
86_a,*,28,*,*,*,North America,Private,*
1098_a,*,28,*,*,*,North America,Private,*
376_a,*,28,*,*,*,North America,Private,*
105_a,*,28,*,*,*,North America,Private,*
360_a,*,26-30,*,*,*,United-States,*,*
1033_a,*,26-30,*,*,*,United-States,*,*
88_a,*,26-30,*,*,*,United-States,*,*
1196_a,*,26-30,*,*,*,United-States,*,*
373_a,*,26-30,*,*,*,United-States,*,*
159_a,*,26-30,*,*,*,United-States,*,*
689_a,*,29,*,*,Higher education,North America,Non-Government,*
498_a,*,29,*,*,Higher education,North America,Non-Government,*
409_a,*,29,*,*,Higher education,North America,Non-Government,*
60_a,*,29,*,*,Higher education,North America,Non-Government,*
1013_a,*,29,*,*,Higher education,North America,Non-Government,*
691_a,*,29,White,*,*,United-States,*,*
301_a,*,29,White,*,*,United-States,*,*
524_a,*,29,White,*,*,United-States,*,*
47_a,*,29,White,*,*,United-States,*,*
1125_a,*,29,White,*,*,United-States,*,*
394_a,*,29,White,*,*,United-States,*,*
147_a,*,29,*,*,*,*,Private,*
1202_a,*,29,*,*,*,*,Private,*
1021_a,*,29,*,*,*,*,Private,*
1452_a,*,29,*,*,*,*,Private,*
540_a,*,29,*,*,*,*,Private,*
1197_a,*,29,*,*,*,*,Private,*
531_a,*,29,*,*,*,United-States,Private,*
97_a,*,29,*,*,*,United-States,Private,*
1154_a,*,29,*,*,*,United-States,Private,*
819_a,*,29,*,*,*,United-States,Private,*
756_a,*,29,*,*,*,United-States,Private,*
1441_a,*,29,*,*,*,United-States,Private,*
1003_a,*,29,*,*,*,*,*,*
115_a,*,29,*,*,*,*,*,*
801_a,*,29,*,*,*,*,*,*
605_a,*,29,*,*,*,*,*,*
627_a,*,29,*,*,*,*,*,*
574_a,*,29,*,*,*,United-States,Non-Government,Other
495_a,*,29,*,*,*,United-States,Non-Government,Other
666_a,*,29,*,*,*,United-States,Non-Government,Other
296_a,*,29,*,*,*,United-States,Non-Government,Other
67_a,*,29,*,*,*,United-States,Non-Government,Other
1221_a,*,29,*,*,*,United-States,Non-Government,Other
1001_a,*,26-30,*,*,*,United-States,*,Other
558_a,*,26-30,*,*,*,United-States,*,Other
576_a,*,26-30,*,*,*,United-States,*,Other
388_a,*,26-30,*,*,*,United-States,*,Other
402_a,*,26-30,*,*,*,United-States,*,Other
272_a,*,26-30,*,*,*,United-States,*,Other
438_a,*,30,White,*,*,North America,*,Other
435_a,*,30,White,*,*,North America,*,Other
57_a,*,30,White,*,*,North America,*,Other
32_a,*,30,White,*,*,North America,*,Other
515_a,*,30,White,*,*,North America,*,Other
745_a,*,30,White,*,*,North America,*,Other
984_a,*,30,White,*,*,United-States,*,*
1105_a,*,30,White,*,*,United-States,*,*
1414_a,*,30,White,*,*,United-States,*,*
99_a,*,30,White,*,*,United-States,*,*
968_a,*,30,White,*,*,United-States,*,*
972_a,*,30,*,*,*,*,Non-Government,Other
1342_a,*,30,*,*,*,*,Non-Government,Other
643_a,*,30,*,*,*,*,Non-Government,Other
1291_a,*,30,*,*,*,*,Non-Government,Other
82_a,*,30,*,*,*,*,Non-Government,Other
584_a,*,30,*,*,*,*,Non-Government,Other
114_a,Male,30,*,*,*,*,Private,*
1200_a,Male,30,*,*,*,*,Private,*
827_a,Male,30,*,*,*,*,Private,*
567_a,Male,30,*,*,*,*,Private,*
1468_a,Male,30,*,*,*,*,Private,*
56_a,Male,30,*,*,*,*,Private,*
423_a,*,30,*,*,*,United-States,Non-Government,*
313_a,*,30,*,*,*,United-States,Non-Government,*
1159_a,*,30,*,*,*,United-States,Non-Government,*
1043_a,*,30,*,*,*,United-States,Non-Government,*
1390_a,*,30,*,*,*,United-States,Non-Government,*
1366_a,*,30,*,*,*,United-States,Non-Government,*
1401_a,*,30,*,*,*,*,*,*
1057_a,*,30,*,*,*,*,*,*
170_a,*,30,*,*,*,*,*,*
12_a,*,30,*,*,*,*,*,*
499_a,*,30,*,*,*,*,*,*
757_a,*,30,*,*,*,*,*,*
1253_a,*,21-40,White,*,*,North America,*,Nontechnical
254_a,*,21-40,White,*,*,North America,*,Nontechnical
271_a,*,21-40,White,*,*,North America,*,Nontechnical
1303_a,*,21-40,White,*,*,North America,*,Nontechnical
599_a,*,21-40,White,*,*,North America,*,Nontechnical
646_a,*,21-40,White,*,*,North America,*,Nontechnical
781_a,*,31,White,spouse not present,*,United-States,Private,*
1115_a,*,31,White,spouse not present,*,United-States,Private,*
324_a,*,31,White,spouse not present,*,United-States,Private,*
865_a,*,31,White,spouse not present,*,United-States,Private,*
951_a,*,31,White,spouse not present,*,United-States,Private,*
927_a,*,31,White,spouse not present,*,United-States,Private,*
136_a,*,31,*,*,*,United-States,*,Other
713_a,*,31,*,*,*,United-States,*,Other
648_a,*,31,*,*,*,United-States,*,Other
206_a,*,31,*,*,*,United-States,*,Other
739_a,*,31,*,*,*,United-States,*,Other
707_a,*,31,*,*,*,United-States,*,Other
595_a,*,31,*,Married-civ-spouse,*,United-States,*,*
175_a,*,31,*,Married-civ-spouse,*,United-States,*,*
642_a,*,31,*,Married-civ-spouse,*,United-States,*,*
1302_a,*,31,*,Married-civ-spouse,*,United-States,*,*
73_a,*,31,*,Married-civ-spouse,*,United-States,*,*
281_a,*,31,*,*,Higher education,*,Private,Other
1008_a,*,31,*,*,Higher education,*,Private,Other
9_a,*,31,*,*,Higher education,*,Private,Other
66_a,*,31,*,*,Higher education,*,Private,Other
1365_a,*,31,*,*,Higher education,*,Private,Other
1491_a,*,31,*,*,Higher education,*,Private,Other
625_a,*,31,White,*,*,North America,*,*
1289_a,*,31,White,*,*,North America,*,*
385_a,*,31,White,*,*,North America,*,*
538_a,*,31,White,*,*,North America,*,*
1044_a,*,31,White,*,*,North America,*,*
1138_a,*,31,White,*,*,North America,*,*
100_a,*,31,*,*,*,North America,*,Other
1000_a,*,31,*,*,*,North America,*,Other
496_a,*,31,*,*,*,North America,*,Other
671_a,*,31,*,*,*,North America,*,Other
659_a,*,31,*,*,*,North America,*,Other
866_a,*,31,*,*,*,North America,*,Other
1046_a,*,31,*,*,*,North America,*,*
38_a,*,31,*,*,*,North America,*,*
545_a,*,31,*,*,*,North America,*,*
597_a,*,31,*,*,*,North America,*,*
119_a,*,31,*,*,*,North America,*,*
1134_a,*,31,*,*,*,North America,*,*
1119_a,*,31-35,White,spouse not present,*,United-States,Private,*
755_a,*,31-35,White,spouse not present,*,United-States,Private,*
1020_a,*,31-35,White,spouse not present,*,United-States,Private,*
1246_a,*,31-35,White,spouse not present,*,United-States,Private,*
1163_a,*,31-35,White,spouse not present,*,United-States,Private,*
1301_a,*,31-35,White,spouse not present,*,United-States,Private,*
758_a,*,32,*,*,*,United-States,Private,*
1485_a,*,32,*,*,*,United-States,Private,*
1316_a,*,32,*,*,*,United-States,Private,*
1089_a,*,32,*,*,*,United-States,Private,*
688_a,*,32,*,*,*,United-States,Private,*
238_a,*,32,*,*,*,United-States,Private,*
17_a,Male,32,*,*,*,North America,Private,*
710_a,Male,32,*,*,*,North America,Private,*
551_a,Male,32,*,*,*,North America,Private,*
1209_a,Male,32,*,*,*,North America,Private,*
14_a,Male,32,*,*,*,North America,Private,*
971_a,Male,32,*,*,*,North America,Private,*
852_a,*,32,*,*,*,United-States,*,*
1370_a,*,32,*,*,*,United-States,*,*
92_a,*,32,*,*,*,United-States,*,*
706_a,*,32,*,*,*,United-States,*,*
229_a,*,32,*,*,*,United-States,*,*
887_a,*,32,*,*,*,*,Private,*
741_a,*,32,*,*,*,*,Private,*
428_a,*,32,*,*,*,*,Private,*
624_a,*,32,*,*,*,*,Private,*
813_a,*,32,*,*,*,*,Private,*
954_a,*,32,*,*,*,*,Private,*
380_a,*,32,White,*,*,United-States,Non-Government,Nontechnical
1384_a,*,32,White,*,*,United-States,Non-Government,Nontechnical
98_a,*,32,White,*,*,United-States,Non-Government,Nontechnical
886_a,*,32,White,*,*,United-States,Non-Government,Nontechnical
502_a,*,32,White,*,*,United-States,Non-Government,Nontechnical
1376_a,*,32,White,*,*,United-States,Non-Government,Nontechnical
393_a,*,32,White,*,*,North America,*,*
1267_a,*,32,White,*,*,North America,*,*
473_a,*,32,White,*,*,North America,*,*
1450_a,*,32,White,*,*,North America,*,*
1149_a,*,32,White,*,*,North America,*,*
1002_a,*,32,White,*,*,North America,*,*
249_a,*,31-35,*,*,*,United-States,Non-Government,Technical
217_a,*,31-35,*,*,*,United-States,Non-Government,Technical
1240_a,*,31-35,*,*,*,United-States,Non-Government,Technical
660_a,*,31-35,*,*,*,United-States,Non-Government,Technical
1056_a,*,31-35,*,*,*,United-States,Non-Government,Technical
248_a,*,31-35,*,*,*,United-States,Non-Government,Technical
588_a,Male,33,*,*,*,United-States,*,*
882_a,Male,33,*,*,*,United-States,*,*
1108_a,Male,33,*,*,*,United-States,*,*
404_a,Male,33,*,*,*,United-States,*,*
1405_a,Male,33,*,*,*,United-States,*,*
664_a,Male,33,*,*,*,United-States,*,*
883_a,*,33,White,*,*,*,Non-Government,Nontechnical
445_a,*,33,White,*,*,*,Non-Government,Nontechnical
1249_a,*,33,White,*,*,*,Non-Government,Nontechnical
816_a,*,33,White,*,*,*,Non-Government,Nontechnical
81_a,*,33,White,*,*,*,Non-Government,Nontechnical
1071_a,*,33,White,*,*,*,Non-Government,Nontechnical
325_a,*,33,*,*,*,United-States,Non-Government,*
579_a,*,33,*,*,*,United-States,Non-Government,*
1294_a,*,33,*,*,*,United-States,Non-Government,*
457_a,*,33,*,*,*,United-States,Non-Government,*
1074_a,*,33,*,*,*,United-States,Non-Government,*
1359_a,*,33,*,*,*,United-States,Non-Government,*
620_a,*,33,White,Married-civ-spouse,*,United-States,Private,Nontechnical
327_a,*,33,White,Married-civ-spouse,*,United-States,Private,Nontechnical
864_a,*,33,White,Married-civ-spouse,*,United-States,Private,Nontechnical
742_a,*,33,White,Married-civ-spouse,*,United-States,Private,Nontechnical
1025_a,*,33,White,Married-civ-spouse,*,United-States,Private,Nontechnical
511_a,*,33,*,*,*,North America,*,*
395_a,*,33,*,*,*,North America,*,*
796_a,*,33,*,*,*,North America,*,*
1463_a,*,33,*,*,*,North America,*,*
939_a,*,33,*,*,*,North America,*,*
856_a,*,33,*,*,*,North America,*,*
383_a,*,33,*,*,*,*,*,*
142_a,*,33,*,*,*,*,*,*
350_a,*,33,*,*,*,*,*,*
167_a,*,33,*,*,*,*,*,*
1464_a,*,33,*,*,*,*,*,*
320_a,*,33,*,*,*,*,*,*
698_a,*,31-35,*,Never-married,*,United-States,*,*
1227_a,*,31-35,*,Never-married,*,United-States,*,*
1136_a,*,31-35,*,Never-married,*,United-States,*,*
788_a,*,31-35,*,Never-married,*,United-States,*,*
1442_a,*,31-35,*,Never-married,*,United-States,*,*
406_a,*,31-35,*,Never-married,*,United-States,*,*
290_a,*,34,*,*,*,*,Private,*
632_a,*,34,*,*,*,*,Private,*
787_a,*,34,*,*,*,*,Private,*
1009_a,*,34,*,*,*,*,Private,*
894_a,*,34,*,*,*,*,Private,*
979_a,*,34,*,*,*,*,Private,*
934_a,*,34,*,*,*,United-States,*,Other
606_a,*,34,*,*,*,United-States,*,Other
629_a,*,34,*,*,*,United-States,*,Other
903_a,*,34,*,*,*,United-States,*,Other
956_a,*,34,*,*,*,United-States,*,Other
87_a,*,34,*,*,*,United-States,*,Other
841_a,*,34,*,*,*,*,*,*
790_a,*,34,*,*,*,*,*,*
474_a,*,34,*,*,*,*,*,*
262_a,*,34,*,*,*,*,*,*
1065_a,*,34,*,*,*,*,*,*
703_a,*,34,*,*,*,*,*,*
663_a,*,34,White,*,*,United-States,*,*
456_a,*,34,White,*,*,United-States,*,*
1239_a,*,34,White,*,*,United-States,*,*
1018_a,*,34,White,*,*,United-States,*,*
1019_a,*,34,White,*,*,United-States,*,*
945_a,*,34,White,*,*,United-States,*,*
1035_a,*,34,White,*,*,United-States,*,*
477_a,*,34,White,*,*,United-States,*,*
375_a,*,34,White,*,*,United-States,*,*
1028_a,*,34,White,*,*,United-States,*,*
367_a,*,34,White,*,*,United-States,*,*
1415_a,*,34,*,*,*,North America,Private,*
15_a,*,34,*,*,*,North America,Private,*
165_a,*,34,*,*,*,North America,Private,*
577_a,*,34,*,*,*,North America,Private,*
141_a,*,34,*,*,*,North America,Private,*
1148_a,*,34,*,*,*,North America,Private,*
390_a,*,31-35,*,*,High School,United-States,*,Other
389_a,*,31-35,*,*,High School,United-States,*,Other
867_a,*,31-35,*,*,High School,United-States,*,Other
514_a,*,31-35,*,*,High School,United-States,*,Other
173_a,*,31-35,*,*,High School,United-States,*,Other
405_a,*,31-35,*,*,High School,United-States,*,Other
214_a,Male,35,*,*,*,North America,*,Other
641_a,Male,35,*,*,*,North America,*,Other
891_a,Male,35,*,*,*,North America,*,Other
287_a,Male,35,*,*,*,North America,*,Other
54_a,Male,35,*,*,*,North America,*,Other
504_a,Male,35,*,*,*,North America,*,Other
257_a,*,35,White,*,*,North America,Non-Government,Nontechnical
820_a,*,35,White,*,*,North America,Non-Government,Nontechnical
300_a,*,35,White,*,*,North America,Non-Government,Nontechnical
386_a,*,35,White,*,*,North America,Non-Government,Nontechnical
513_a,*,35,White,*,*,North America,Non-Government,Nontechnical
1024_a,*,35,White,*,*,North America,Non-Government,Nontechnical
1039_a,Male,35,White,*,*,United-States,Private,*
193_a,Male,35,White,*,*,United-States,Private,*
676_a,Male,35,White,*,*,United-States,Private,*
1346_a,Male,35,White,*,*,United-States,Private,*
185_a,Male,35,White,*,*,United-States,Private,*
610_a,Male,35,White,*,*,United-States,Private,*
455_a,*,35,*,*,Higher education,*,*,*
510_a,*,35,*,*,Higher education,*,*,*
602_a,*,35,*,*,Higher education,*,*,*
982_a,*,35,*,*,Higher education,*,*,*
1237_a,*,35,*,*,Higher education,*,*,*
22_a,*,35,*,*,Higher education,*,*,*
437_a,*,35,*,*,*,United-States,*,*
1140_a,*,35,*,*,*,United-States,*,*
198_a,*,35,*,*,*,United-States,*,*
1048_a,*,35,*,*,*,United-States,*,*
555_a,*,35,*,*,*,United-States,*,*
1317_a,*,35,*,*,*,United-States,*,*
1211_a,*,35,*,*,Higher education,United-States,Private,*
832_a,*,35,*,*,Higher education,United-States,Private,*
1377_a,*,35,*,*,Higher education,United-States,Private,*
1418_a,*,35,*,*,Higher education,United-States,Private,*
364_a,*,35,*,*,Higher education,United-States,Private,*
559_a,*,31-40,*,*,*,North America,*,*
917_a,*,31-40,*,*,*,North America,*,*
773_a,*,31-40,*,*,*,North America,*,*
656_a,*,31-40,*,*,*,North America,*,*
153_a,*,31-40,*,*,*,North America,*,*
138_a,*,31-40,*,*,*,North America,*,*
61_a,*,36,*,*,*,United-States,*,*
106_a,*,36,*,*,*,United-States,*,*
397_a,*,36,*,*,*,United-States,*,*
1036_a,*,36,*,*,*,United-States,*,*
490_a,*,36,*,*,*,United-States,*,*
508_a,*,36,*,*,*,United-States,*,*
1029_a,*,36,*,*,Undergraduate,United-States,*,*
645_a,*,36,*,*,Undergraduate,United-States,*,*
241_a,*,36,*,*,Undergraduate,United-States,*,*
1088_a,*,36,*,*,Undergraduate,United-States,*,*
965_a,*,36,*,*,Undergraduate,United-States,*,*
677_a,*,36,*,*,Undergraduate,United-States,*,*
873_a,*,36,*,*,*,United-States,Non-Government,*
291_a,*,36,*,*,*,United-States,Non-Government,*
1190_a,*,36,*,*,*,United-States,Non-Government,*
594_a,*,36,*,*,*,United-States,Non-Government,*
532_a,*,36,*,*,*,United-States,Non-Government,*
701_a,*,36,*,*,*,United-States,Non-Government,*
1324_a,*,36,White,*,*,United-States,*,*
983_a,*,36,White,*,*,United-States,*,*
1199_a,*,36,White,*,*,United-States,*,*
985_a,*,36,White,*,*,United-States,*,*
1320_a,*,36,White,*,*,United-States,*,*
334_a,*,36,White,*,*,United-States,*,*
888_a,*,36,White,*,*,United-States,*,*
358_a,*,36,White,*,*,United-States,*,*
183_a,*,36,White,*,*,United-States,*,*
270_a,*,36,White,*,*,United-States,*,*
717_a,*,36,White,*,*,United-States,*,*
319_a,*,36,White,*,*,United-States,*,*
1378_a,*,36,*,*,*,North America,*,*
1112_a,*,36,*,*,*,North America,*,*
1478_a,*,36,*,*,*,North America,*,*
1247_a,*,36,*,*,*,North America,*,*
658_a,*,36,*,*,*,North America,*,*
192_a,*,36,*,*,*,North America,*,*
1142_a,*,36-40,White,*,*,North America,*,*
1369_a,*,36-40,White,*,*,North America,*,*
1500_a,*,36-40,White,*,*,North America,*,*
1126_a,*,36-40,White,*,*,North America,*,*
1045_a,*,36-40,White,*,*,North America,*,*
246_a,Male,37,*,*,*,*,*,*
1272_a,Male,37,*,*,*,*,*,*
988_a,Male,37,*,*,*,*,*,*
1201_a,Male,37,*,*,*,*,*,*
1274_a,Male,37,*,*,*,*,*,*
1026_a,Male,37,*,*,*,*,*,*
201_a,Male,37,*,*,*,United-States,*,*
1293_a,Male,37,*,*,*,United-States,*,*
1106_a,Male,37,*,*,*,United-States,*,*
172_a,Male,37,*,*,*,United-States,*,*
1166_a,Male,37,*,*,*,United-States,*,*
955_a,Male,37,*,*,*,United-States,*,*
1185_a,Male,37,White,*,*,United-States,*,*
897_a,Male,37,White,*,*,United-States,*,*
481_a,Male,37,White,*,*,United-States,*,*
90_a,Male,37,White,*,*,United-States,*,*
1158_a,Male,37,White,*,*,United-States,*,*
1114_a,Male,37,White,*,*,United-States,*,*
861_a,*,37,*,*,*,North America,Non-Government,*
834_a,*,37,*,*,*,North America,Non-Government,*
822_a,*,37,*,*,*,North America,Non-Government,*
276_a,*,37,*,*,*,North America,Non-Government,*
712_a,*,37,*,*,*,North America,Non-Government,*
700_a,*,37,*,*,*,North America,Non-Government,*
779_a,*,37,White,*,*,*,Non-Government,Nontechnical
628_a,*,37,White,*,*,*,Non-Government,Nontechnical
197_a,*,37,White,*,*,*,Non-Government,Nontechnical
85_a,*,37,White,*,*,*,Non-Government,Nontechnical
836_a,*,37,White,*,*,*,Non-Government,Nontechnical
124_a,*,37,White,*,*,*,Non-Government,Nontechnical
11_a,*,37,*,*,*,*,Non-Government,*
1380_a,*,37,*,*,*,*,Non-Government,*
529_a,*,37,*,*,*,*,Non-Government,*
853_a,*,37,*,*,*,*,Non-Government,*
1391_a,*,37,*,*,*,*,Non-Government,*
1489_a,*,37,*,*,*,*,Non-Government,*
1408_a,*,37,*,*,*,United-States,*,*
6_a,*,37,*,*,*,United-States,*,*
860_a,*,37,*,*,*,United-States,*,*
1465_a,*,37,*,*,*,United-States,*,*
190_a,*,37,*,*,*,United-States,*,*
431_a,*,37,*,*,*,United-States,*,*
1231_a,*,36-40,*,Married-civ-spouse,Higher education,*,*,*
1164_a,*,36-40,*,Married-civ-spouse,Higher education,*,*,*
714_a,*,36-40,*,Married-civ-spouse,Higher education,*,*,*
203_a,*,36-40,*,Married-civ-spouse,Higher education,*,*,*
851_a,*,36-40,*,Married-civ-spouse,Higher education,*,*,*
227_a,*,38,White,*,*,*,*,*
126_a,*,38,White,*,*,*,*,*
1120_a,*,38,White,*,*,*,*,*
353_a,*,38,White,*,*,*,*,*
1155_a,*,38,White,*,*,*,*,*
1144_a,*,38,White,*,*,*,*,*
222_a,*,38,*,*,*,United-States,*,*
318_a,*,38,*,*,*,United-States,*,*
177_a,*,38,*,*,*,United-States,*,*
925_a,*,38,*,*,*,United-States,*,*
937_a,*,38,*,*,*,United-States,*,*
1356_a,*,38,*,*,*,United-States,*,*
424_a,Male,38,*,*,*,United-States,Non-Government,*
1325_a,Male,38,*,*,*,United-States,Non-Government,*
123_a,Male,38,*,*,*,United-States,Non-Government,*
103_a,Male,38,*,*,*,United-States,Non-Government,*
278_a,Male,38,*,*,*,United-States,Non-Government,*
815_a,Male,38,*,*,*,United-States,Non-Government,*
868_a,Male,38,White,*,*,*,Non-Government,*
478_a,Male,38,White,*,*,*,Non-Government,*
433_a,Male,38,White,*,*,*,Non-Government,*
970_a,Male,38,White,*,*,*,Non-Government,*
981_a,Male,38,White,*,*,*,Non-Government,*
603_a,*,38,White,*,*,United-States,*,*
1486_a,*,38,White,*,*,United-States,*,*
486_a,*,38,White,*,*,United-States,*,*
578_a,*,38,White,*,*,United-States,*,*
1425_a,*,38,White,*,*,United-States,*,*
1462_a,*,38,White,*,*,United-States,*,*
987_a,Male,38,White,*,*,United-States,*,*
3_a,Male,38,White,*,*,United-States,*,*
18_a,Male,38,White,*,*,United-States,*,*
452_a,Male,38,White,*,*,United-States,*,*
1111_a,Male,38,White,*,*,United-States,*,*
329_a,Male,38,White,*,*,United-States,*,*
1292_a,*,36-40,White,*,*,United-States,*,*
1005_a,*,36-40,White,*,*,United-States,*,*
839_a,*,36-40,White,*,*,United-States,*,*
1242_a,*,36-40,White,*,*,United-States,*,*
809_a,*,36-40,White,*,*,United-States,*,*
1448_a,*,36-40,White,*,*,United-States,*,*
1016_a,Male,39,White,*,High School,North America,*,*
930_a,Male,39,White,*,High School,North America,*,*
1475_a,Male,39,White,*,High School,North America,*,*
1496_a,Male,39,White,*,High School,North America,*,*
1421_a,Male,39,White,*,High School,North America,*,*
810_a,*,39,White,*,*,United-States,Private,Other
1097_a,*,39,White,*,*,United-States,Private,Other
1297_a,*,39,White,*,*,United-States,Private,Other
343_a,*,39,White,*,*,United-States,Private,Other
1453_a,*,39,White,*,*,United-States,Private,Other
800_a,*,39,White,*,*,United-States,Private,Other
780_a,*,39,White,*,*,United-States,*,*
120_a,*,39,White,*,*,United-States,*,*
493_a,*,39,White,*,*,United-States,*,*
695_a,*,39,White,*,*,United-States,*,*
1_a,*,39,White,*,*,United-States,*,*
471_a,*,39,White,*,*,United-States,*,*
27_a,*,39,*,*,High School,United-States,Non-Government,*
298_a,*,39,*,*,High School,United-States,Non-Government,*
1343_a,*,39,*,*,High School,United-States,Non-Government,*
761_a,*,39,*,*,High School,United-States,Non-Government,*
566_a,*,39,*,*,High School,United-States,Non-Government,*
1311_a,*,39,*,*,High School,United-States,Non-Government,*
154_a,Male,39,White,*,*,United-States,*,*
843_a,Male,39,White,*,*,United-States,*,*
922_a,Male,39,White,*,*,United-States,*,*
1188_a,Male,39,White,*,*,United-States,*,*
1228_a,Male,39,White,*,*,United-States,*,*
1218_a,Male,39,White,*,*,United-States,*,*
1455_a,*,40,*,*,Higher education,United-States,*,*
901_a,*,40,*,*,Higher education,United-States,*,*
20_a,*,40,*,*,Higher education,United-States,*,*
723_a,*,40,*,*,Higher education,United-States,*,*
1498_a,*,40,*,*,Higher education,United-States,*,*
1306_a,*,40,*,*,Higher education,United-States,*,*
184_a,*,40,*,*,*,United-States,*,*
1344_a,*,40,*,*,*,United-States,*,*
1349_a,*,40,*,*,*,United-States,*,*
224_a,*,40,*,*,*,United-States,*,*
220_a,*,40,*,*,*,United-States,*,*
71_a,*,40,*,*,*,United-States,*,*
1229_a,*,40,White,*,*,North America,*,*
113_a,*,40,White,*,*,North America,*,*
171_a,*,40,White,*,*,North America,*,*
1410_a,*,40,White,*,*,North America,*,*
824_a,*,40,White,*,*,North America,*,*
778_a,*,40,White,*,*,North America,*,*
657_a,*,40,*,*,*,United-States,Private,*
331_a,*,40,*,*,*,United-States,Private,*
1305_a,*,40,*,*,*,United-States,Private,*
1286_a,*,40,*,*,*,United-States,Private,*
1062_a,*,40,*,*,*,United-States,Private,*
721_a,*,40,*,*,*,North America,Non-Government,*
1087_a,*,40,*,*,*,North America,Non-Government,*
401_a,*,40,*,*,*,North America,Non-Government,*
230_a,*,40,*,*,*,North America,Non-Government,*
651_a,*,40,*,*,*,North America,Non-Government,*
1054_a,*,40,*,*,*,North America,Non-Government,*
1275_a,*,40,*,*,*,*,*,*
1077_a,*,40,*,*,*,*,*,*
346_a,*,40,*,*,*,*,*,*
422_a,*,40,*,*,*,*,*,*
872_a,*,40,*,*,*,*,*,*
453_a,*,40,*,*,*,*,*,*
1017_a,*,*,*,*,*,North America,Private,Nontechnical
1050_a,*,*,*,*,*,North America,Private,Nontechnical
1245_a,*,*,*,*,*,North America,Private,Nontechnical
973_a,*,*,*,*,*,North America,Private,Nontechnical
921_a,*,*,*,*,*,North America,Private,Nontechnical
1263_a,*,*,*,*,*,North America,Private,Nontechnical
1023_a,*,41,*,*,*,United-States,Non-Government,Other
665_a,*,41,*,*,*,United-States,Non-Government,Other
1022_a,*,41,*,*,*,United-States,Non-Government,Other
914_a,*,41,*,*,*,United-States,Non-Government,Other
215_a,*,41,*,*,*,United-States,Non-Government,Other
1041_a,*,41,*,*,*,United-States,Non-Government,Other
221_a,Male,41,White,*,*,*,*,*
1030_a,Male,41,White,*,*,*,*,*
1426_a,Male,41,White,*,*,*,*,*
942_a,Male,41,White,*,*,*,*,*
1006_a,Male,41,White,*,*,*,*,*
266_a,Male,41,White,*,*,*,*,*
634_a,*,41,White,*,*,North America,*,*
231_a,*,41,White,*,*,North America,*,*
1321_a,*,41,White,*,*,North America,*,*
55_a,*,41,White,*,*,North America,*,*
225_a,*,41,White,*,*,North America,*,*
999_a,*,41,White,*,*,North America,*,*
174_a,*,41,*,*,*,United-States,*,*
46_a,*,41,*,*,*,United-States,*,*
1212_a,*,41,*,*,*,United-States,*,*
458_a,*,41,*,*,*,United-States,*,*
381_a,*,41,*,*,*,United-States,*,*
1307_a,*,41,*,*,*,United-States,*,*
307_a,*,41,*,*,*,North America,Non-Government,*
863_a,*,41,*,*,*,North America,Non-Government,*
769_a,*,41,*,*,*,North America,Non-Government,*
1193_a,*,41,*,*,*,North America,Non-Government,*
1137_a,*,41,*,*,*,North America,Non-Government,*
377_a,*,41,*,*,*,United-States,Non-Government,*
491_a,*,41,*,*,*,United-States,Non-Government,*
807_a,*,41,*,*,*,United-States,Non-Government,*
909_a,*,41,*,*,*,United-States,Non-Government,*
1339_a,*,41,*,*,*,United-States,Non-Government,*
288_a,*,41,*,*,*,United-States,Non-Government,*
722_a,*,41,*,*,*,United-States,*,*
179_a,*,41,*,*,*,United-States,*,*
448_a,*,41,*,*,*,United-States,*,*
750_a,*,41,*,*,*,United-States,*,*
181_a,*,41,*,*,*,United-States,*,*
728_a,*,41,*,*,*,United-States,*,*
884_a,*,42,*,*,Higher education,United-States,*,*
638_a,*,42,*,*,Higher education,United-States,*,*
680_a,*,42,*,*,Higher education,United-States,*,*
408_a,*,42,*,*,Higher education,United-States,*,*
232_a,*,42,*,*,Higher education,United-States,*,*
148_a,*,42,*,*,Higher education,United-States,*,*
1004_a,*,42,*,*,*,*,Non-Government,*
857_a,*,42,*,*,*,*,Non-Government,*
1386_a,*,42,*,*,*,*,Non-Government,*
724_a,*,42,*,*,*,*,Non-Government,*
236_a,*,42,*,*,*,*,Non-Government,*
1127_a,*,42,*,*,*,*,Non-Government,*
668_a,*,42,*,*,*,United-States,*,*
261_a,*,42,*,*,*,United-States,*,*
1241_a,*,42,*,*,*,United-States,*,*
1388_a,*,42,*,*,*,United-States,*,*
823_a,*,42,*,*,*,United-States,*,*
554_a,*,42,*,*,*,United-States,*,*
616_a,*,42,*,*,*,North America,*,*
850_a,*,42,*,*,*,North America,*,*
614_a,*,42,*,*,*,North America,*,*
936_a,*,42,*,*,*,North America,*,*
944_a,*,42,*,*,*,North America,*,*
1439_a,*,42,*,*,*,North America,*,*
683_a,*,42,White,*,*,United-States,Non-Government,*
1281_a,*,42,White,*,*,United-States,Non-Government,*
548_a,*,42,White,*,*,United-States,Non-Government,*
101_a,*,42,White,*,*,United-States,Non-Government,*
332_a,*,42,White,*,*,United-States,Non-Government,*
1139_a,*,42,White,*,*,United-States,Non-Government,*
484_a,*,42,*,*,*,*,*,Nontechnical
10_a,*,42,*,*,*,*,*,Nontechnical
1179_a,*,42,*,*,*,*,*,Nontechnical
686_a,*,42,*,*,*,*,*,Nontechnical
1177_a,*,42,*,*,*,*,*,Nontechnical
976_a,*,41-45,White,*,Higher education,United-States,*,*
1416_a,*,41-45,White,*,Higher education,United-States,*,*
189_a,*,41-45,White,*,Higher education,United-States,*,*
59_a,*,41-45,White,*,Higher education,United-States,*,*
777_a,*,41-45,White,*,Higher education,United-States,*,*
284_a,*,41-45,White,*,Higher education,United-States,*,*
877_a,*,43,*,*,*,United-States,Private,*
23_a,*,43,*,*,*,United-States,Private,*
874_a,*,43,*,*,*,United-States,Private,*
1280_a,*,43,*,*,*,United-States,Private,*
959_a,*,43,*,*,*,United-States,Private,*
762_a,*,43,*,*,*,United-States,Private,*
746_a,*,43,White,*,Higher education,United-States,*,*
522_a,*,43,White,*,Higher education,United-States,*,*
83_a,*,43,White,*,Higher education,United-States,*,*
1157_a,*,43,White,*,Higher education,United-States,*,*
678_a,*,43,White,*,Higher education,United-States,*,*
1064_a,*,43,White,*,Higher education,United-States,*,*
1133_a,*,43,*,Married-civ-spouse,*,*,*,*
995_a,*,43,*,Married-civ-spouse,*,*,*,*
304_a,*,43,*,Married-civ-spouse,*,*,*,*
718_a,*,43,*,Married-civ-spouse,*,*,*,*
793_a,*,43,*,Married-civ-spouse,*,*,*,*
1296_a,*,43,*,Married-civ-spouse,*,*,*,*
735_a,*,43,*,Married-civ-spouse,*,*,Non-Government,Nontechnical
469_a,*,43,*,Married-civ-spouse,*,*,Non-Government,Nontechnical
583_a,*,43,*,Married-civ-spouse,*,*,Non-Government,Nontechnical
446_a,*,43,*,Married-civ-spouse,*,*,Non-Government,Nontechnical
844_a,*,43,*,Married-civ-spouse,*,*,Non-Government,Nontechnical
255_a,*,43,*,Married-civ-spouse,*,*,Non-Government,Nontechnical
337_a,*,43,White,*,*,United-States,*,*
736_a,*,43,White,*,*,United-States,*,*
608_a,*,43,White,*,*,United-States,*,*
996_a,*,43,White,*,*,United-States,*,*
322_a,*,43,White,*,*,United-States,*,*
1262_a,*,43,White,*,*,United-States,*,*
336_a,*,43,White,*,*,*,*,Other
299_a,*,43,White,*,*,*,*,Other
1360_a,*,43,White,*,*,*,*,Other
612_a,*,43,White,*,*,*,*,Other
1204_a,*,43,White,*,*,*,*,Other
1260_a,*,43,White,*,*,*,*,Other
19_a,*,43,*,*,Higher education,United-States,*,*
1443_a,*,43,*,*,Higher education,United-States,*,*
1364_a,*,43,*,*,Higher education,United-States,*,*
1014_a,*,43,*,*,Higher education,United-States,*,*
52_a,*,43,*,*,Higher education,United-States,*,*
415_a,*,41-45,*,*,*,United-States,Non-Government,*
1488_a,*,41-45,*,*,*,United-States,Non-Government,*
256_a,*,41-45,*,*,*,United-States,Non-Government,*
127_a,*,41-45,*,*,*,United-States,Non-Government,*
1007_a,*,41-45,*,*,*,United-States,Non-Government,*
169_a,*,41-45,*,*,*,United-States,Non-Government,*
1490_a,*,44,White,Married-civ-spouse,*,United-States,Non-Government,Nontechnical
497_a,*,44,White,Married-civ-spouse,*,United-States,Non-Government,Nontechnical
1090_a,*,44,White,Married-civ-spouse,*,United-States,Non-Government,Nontechnical
412_a,*,44,White,Married-civ-spouse,*,United-States,Non-Government,Nontechnical
1113_a,*,44,White,Married-civ-spouse,*,United-States,Non-Government,Nontechnical
421_a,*,44,White,Married-civ-spouse,*,United-States,Non-Government,Nontechnical
150_a,*,44,*,*,*,United-States,Non-Government,*
1331_a,*,44,*,*,*,United-States,Non-Government,*
1432_a,*,44,*,*,*,United-States,Non-Government,*
1264_a,*,44,*,*,*,United-States,Non-Government,*
875_a,*,44,*,*,*,United-States,Non-Government,*
1107_a,*,44,*,*,*,United-States,Non-Government,*
960_a,*,44,*,*,*,*,Non-Government,*
78_a,*,44,*,*,*,*,Non-Government,*
911_a,*,44,*,*,*,*,Non-Government,*
482_a,*,44,*,*,*,*,Non-Government,*
609_a,*,44,*,*,*,*,Non-Government,*
1394_a,*,44,*,*,*,*,Non-Government,*
168_a,*,44,*,*,*,United-States,*,*
898_a,*,44,*,*,*,United-States,*,*
876_a,*,44,*,*,*,United-States,*,*
487_a,*,44,*,*,*,United-States,*,*
669_a,*,44,*,*,*,United-States,*,*
1167_a,*,44,*,*,*,United-States,*,*
650_a,*,44,*,*,*,United-States,*,*
196_a,*,44,*,*,*,United-States,*,*
348_a,*,44,*,*,*,United-States,*,*
1069_a,*,44,*,*,*,United-States,*,*
368_a,*,44,*,*,*,United-States,*,*
361_a,*,44,*,*,*,United-States,*,*
94_a,Male,44,White,*,*,United-States,Non-Government,*
802_a,Male,44,White,*,*,United-States,Non-Government,*
1329_a,Male,44,White,*,*,United-States,Non-Government,*
607_a,Male,44,White,*,*,United-States,Non-Government,*
881_a,Male,44,White,*,*,United-States,Non-Government,*
426_a,Male,44,White,*,*,United-States,Non-Government,*
45_a,*,41-45,*,*,*,North America,*,*
1444_a,*,41-45,*,*,*,North America,*,*
488_a,*,41-45,*,*,*,North America,*,*
451_a,*,41-45,*,*,*,North America,*,*
1194_a,*,41-45,*,*,*,North America,*,*
1206_a,*,45,*,*,*,United-States,*,*
948_a,*,45,*,*,*,United-States,*,*
1437_a,*,45,*,*,*,United-States,*,*
1034_a,*,45,*,*,*,United-States,*,*
1328_a,*,45,*,*,*,United-States,*,*
316_a,*,45,*,*,*,United-States,*,*
975_a,*,45,*,*,*,United-States,*,*
347_a,*,45,*,*,*,United-States,*,*
633_a,*,45,*,*,*,United-States,*,*
652_a,*,45,*,*,*,United-States,*,*
1372_a,*,45,*,*,*,United-States,*,*
572_a,*,45,*,*,*,United-States,*,*
239_a,*,45,*,*,*,United-States,*,*
1273_a,*,45,*,*,*,United-States,*,*
204_a,*,45,*,*,*,United-States,*,*
242_a,*,45,*,*,*,United-States,*,*
1104_a,*,45,*,*,*,United-States,*,*
1310_a,*,45,*,*,*,United-States,*,*
419_a,*,45,White,*,*,North America,Non-Government,*
1121_a,*,45,White,*,*,North America,Non-Government,*
1015_a,*,45,White,*,*,North America,Non-Government,*
919_a,*,45,White,*,*,North America,Non-Government,*
152_a,*,45,White,*,*,North America,Non-Government,*
523_a,*,45,White,*,*,North America,Non-Government,*
31_a,*,45,White,*,*,United-States,*,*
1495_a,*,45,White,*,*,United-States,*,*
134_a,*,45,White,*,*,United-States,*,*
369_a,*,45,White,*,*,United-States,*,*
410_a,*,45,White,*,*,United-States,*,*
907_a,*,45,White,*,*,United-States,*,*
440_a,*,41-50,White,*,*,*,Private,*
833_a,*,41-50,White,*,*,*,Private,*
1479_a,*,41-50,White,*,*,*,Private,*
1130_a,*,41-50,White,*,*,*,Private,*
734_a,*,41-50,White,*,*,*,Private,*
1174_a,*,41-50,White,*,*,*,Private,*
1182_a,*,46,*,*,*,*,Non-Government,*
1335_a,*,46,*,*,*,*,Non-Government,*
355_a,*,46,*,*,*,*,Non-Government,*
1309_a,*,46,*,*,*,*,Non-Government,*
1341_a,*,46,*,*,*,*,Non-Government,*
784_a,*,46,*,*,*,*,Non-Government,*
352_a,*,46,White,*,*,North America,Non-Government,*
379_a,*,46,White,*,*,North America,Non-Government,*
53_a,*,46,White,*,*,North America,Non-Government,*
357_a,*,46,White,*,*,North America,Non-Government,*
1395_a,*,46,White,*,*,North America,Non-Government,*
384_a,*,46,*,*,Higher education,United-States,*,*
328_a,*,46,*,*,Higher education,United-States,*,*
1189_a,*,46,*,*,Higher education,United-States,*,*
286_a,*,46,*,*,Higher education,United-States,*,*
570_a,*,46,*,*,Higher education,United-States,*,*
1472_a,*,46,*,*,Higher education,United-States,*,*
507_a,*,46,*,*,Higher education,United-States,Non-Government,*
649_a,*,46,*,*,Higher education,United-States,Non-Government,*
1483_a,*,46,*,*,Higher education,United-States,Non-Government,*
125_a,*,46,*,*,Higher education,United-States,Non-Government,*
1261_a,*,46,*,*,Higher education,United-States,Non-Government,*
76_a,*,46,*,*,Higher education,United-States,Non-Government,*
1047_a,*,46,White,*,*,United-States,*,*
1058_a,*,46,White,*,*,United-States,*,*
690_a,*,46,White,*,*,United-States,*,*
913_a,*,46,White,*,*,United-States,*,*
454_a,*,46,White,*,*,United-States,*,*
699_a,*,46,White,*,*,United-States,*,*
1066_a,*,46-50,*,*,*,North America,*,*
589_a,*,46-50,*,*,*,North America,*,*
366_a,*,46-50,*,*,*,North America,*,*
1304_a,*,46-50,*,*,*,North America,*,*
1440_a,*,46-50,*,*,*,North America,*,*
155_a,*,46-50,*,*,*,North America,*,*
1474_a,*,47,*,*,*,*,*,*
470_a,*,47,*,*,*,*,*,*
1234_a,*,47,*,*,*,*,*,*
309_a,*,47,*,*,*,*,*,*
749_a,*,47,*,*,*,*,*,*
581_a,*,47,*,*,*,*,*,*
117_a,*,47,White,*,*,North America,*,*
95_a,*,47,White,*,*,North America,*,*
180_a,*,47,White,*,*,North America,*,*
1322_a,*,47,White,*,*,North America,*,*
140_a,*,47,White,*,*,North America,*,*
1085_a,*,47,White,*,*,North America,*,*
575_a,*,47,White,*,*,North America,*,*
709_a,*,47,White,*,*,North America,*,*
910_a,*,47,White,*,*,North America,*,*
1355_a,*,47,White,*,*,North America,*,*
1082_a,*,47,White,*,*,North America,*,*
1399_a,*,47,White,*,*,North America,*,*
525_a,Male,47,White,*,*,United-States,Non-Government,Nontechnical
51_a,Male,47,White,*,*,United-States,Non-Government,Nontechnical
753_a,Male,47,White,*,*,United-States,Non-Government,Nontechnical
1176_a,Male,47,White,*,*,United-States,Non-Government,Nontechnical
1183_a,Male,47,White,*,*,United-States,Non-Government,Nontechnical
1409_a,*,47,*,*,*,United-States,*,*
400_a,*,47,*,*,*,United-States,*,*
862_a,*,47,*,*,*,United-States,*,*
825_a,*,47,*,*,*,United-States,*,*
916_a,*,47,*,*,*,United-States,*,*
1400_a,*,47,*,*,*,United-States,*,*
920_a,*,46-50,*,*,Higher education,North America,*,*
1168_a,*,46-50,*,*,Higher education,North America,*,*
1096_a,*,46-50,*,*,Higher education,North America,*,*
943_a,*,46-50,*,*,Higher education,North America,*,*
49_a,*,46-50,*,*,Higher education,North America,*,*
518_a,*,46-50,*,*,Higher education,North America,*,*
91_a,*,48,*,*,*,*,Non-Government,*
1151_a,*,48,*,*,*,*,Non-Government,*
950_a,*,48,*,*,*,*,Non-Government,*
949_a,*,48,*,*,*,*,Non-Government,*
1454_a,*,48,*,*,*,*,Non-Government,*
1037_a,*,48,*,*,*,*,Non-Government,*
1340_a,*,48,*,*,*,North America,Non-Government,*
34_a,*,48,*,*,*,North America,Non-Government,*
1406_a,*,48,*,*,*,North America,Non-Government,*
89_a,*,48,*,*,*,North America,Non-Government,*
556_a,*,48,*,*,*,North America,Non-Government,*
794_a,*,48,White,*,Higher education,United-States,*,Nontechnical
1411_a,*,48,White,*,Higher education,United-States,*,Nontechnical
1213_a,*,48,White,*,Higher education,United-States,*,Nontechnical
989_a,*,48,White,*,Higher education,United-States,*,Nontechnical
938_a,*,48,White,*,Higher education,United-States,*,Nontechnical
1487_a,*,48,White,*,Higher education,United-States,*,Nontechnical
618_a,*,48,*,*,Higher education,*,*,*
893_a,*,48,*,*,Higher education,*,*,*
786_a,*,48,*,*,Higher education,*,*,*
754_a,*,48,*,*,Higher education,*,*,*
279_a,*,48,*,*,Higher education,*,*,*
1295_a,*,48,*,*,Higher education,*,*,*
58_a,Male,48,*,Married-civ-spouse,*,United-States,Non-Government,*
144_a,Male,48,*,Married-civ-spouse,*,United-States,Non-Government,*
1122_a,Male,48,*,Married-civ-spouse,*,United-States,Non-Government,*
1118_a,Male,48,*,Married-civ-spouse,*,United-States,Non-Government,*
37_a,Male,48,*,Married-civ-spouse,*,United-States,Non-Government,*
727_a,Male,48,*,Married-civ-spouse,*,United-States,Non-Government,*
1334_a,*,49,*,*,*,North America,Non-Government,*
1412_a,*,49,*,*,*,North America,Non-Government,*
130_a,*,49,*,*,*,North America,Non-Government,*
980_a,*,49,*,*,*,North America,Non-Government,*
7_a,*,49,*,*,*,North America,Non-Government,*
1347_a,*,49,White,*,*,United-States,Non-Government,*
1254_a,*,49,White,*,*,United-States,Non-Government,*
1205_a,*,49,White,*,*,United-States,Non-Government,*
994_a,*,49,White,*,*,United-States,Non-Government,*
812_a,*,49,White,*,*,United-States,Non-Government,*
550_a,*,49,White,*,*,United-States,Non-Government,*
434_a,*,49,White,*,*,*,*,*
64_a,*,49,White,*,*,*,*,*
1314_a,*,49,White,*,*,*,*,*
1147_a,*,49,White,*,*,*,*,*
904_a,*,49,White,*,*,*,*,*
80_a,*,49,White,*,*,*,*,*
109_a,*,49,*,*,Higher education,United-States,*,*
1381_a,*,49,*,*,Higher education,United-States,*,*
1100_a,*,49,*,*,Higher education,United-States,*,*
314_a,*,49,*,*,Higher education,United-States,*,*
472_a,*,49,*,*,Higher education,United-States,*,*
580_a,*,49,*,*,Higher education,United-States,*,*
791_a,*,49,*,*,*,United-States,*,*
28_a,*,49,*,*,*,United-States,*,*
1255_a,*,49,*,*,*,United-States,*,*
974_a,*,49,*,*,*,United-States,*,*
41_a,*,49,*,*,*,United-States,*,*
582_a,*,49,*,*,*,United-States,*,*
915_a,*,50,*,*,Higher education,*,Non-Government,*
935_a,*,50,*,*,Higher education,*,Non-Government,*
924_a,*,50,*,*,Higher education,*,Non-Government,*
202_a,*,50,*,*,Higher education,*,Non-Government,*
1181_a,*,50,*,*,Higher education,*,Non-Government,*
1476_a,*,50,*,*,Higher education,*,Non-Government,*
479_a,*,50,White,*,*,United-States,Non-Government,*
568_a,*,50,White,*,*,United-States,Non-Government,*
1285_a,*,50,White,*,*,United-States,Non-Government,*
1186_a,*,50,White,*,*,United-States,Non-Government,*
1288_a,*,50,White,*,*,United-States,Non-Government,*
1413_a,*,50,White,*,*,United-States,Non-Government,*
1327_a,*,50,White,Married-civ-spouse,*,United-States,*,Other
1323_a,*,50,White,Married-civ-spouse,*,United-States,*,Other
1165_a,*,50,White,Married-civ-spouse,*,United-States,*,Other
1073_a,*,50,White,Married-civ-spouse,*,United-States,*,Other
252_a,*,50,White,Married-civ-spouse,*,United-States,*,Other
374_a,*,50,White,Married-civ-spouse,*,United-States,*,Other
50_a,Male,50,White,*,Higher education,United-States,*,*
2_a,Male,50,White,*,Higher education,United-States,*,*
596_a,Male,50,White,*,Higher education,United-States,*,*
621_a,Male,50,White,*,Higher education,United-States,*,*
267_a,Male,50,White,*,Higher education,United-States,*,*
667_a,*,50,*,*,*,*,*,*
240_a,*,50,*,*,*,*,*,*
429_a,*,50,*,*,*,*,*,*
1084_a,*,50,*,*,*,*,*,*
1128_a,*,50,*,*,*,*,*,*
1079_a,*,50,*,*,*,*,*,*
1060_a,Male,41-60,*,*,*,*,Non-Government,*
1070_a,Male,41-60,*,*,*,*,Non-Government,*
416_a,Male,41-60,*,*,*,*,Non-Government,*
1493_a,Male,41-60,*,*,*,*,Non-Government,*
269_a,Male,41-60,*,*,*,*,Non-Government,*
1226_a,Male,41-60,*,*,*,*,Non-Government,*
880_a,*,51,*,*,*,United-States,*,*
705_a,*,51,*,*,*,United-States,*,*
160_a,*,51,*,*,*,United-States,*,*
1173_a,*,51,*,*,*,United-States,*,*
1208_a,*,51,*,*,*,United-States,*,*
878_a,*,51,*,*,*,United-States,*,*
557_a,*,51,White,*,*,*,*,*
933_a,*,51,White,*,*,*,*,*
1101_a,*,51,White,*,*,*,*,*
1284_a,*,51,White,*,*,*,*,*
1252_a,*,51,White,*,*,*,*,*
858_a,*,51,White,*,*,*,*,*
1456_a,*,51,White,*,*,*,Private,*
854_a,*,51,White,*,*,*,Private,*
188_a,*,51,White,*,*,*,Private,*
940_a,*,51,White,*,*,*,Private,*
1095_a,*,51,White,*,*,*,Private,*
1438_a,*,51,White,*,*,*,Private,*
830_a,*,51,*,*,*,*,Non-Government,*
527_a,*,51,*,*,*,*,Non-Government,*
912_a,*,51,*,*,*,*,Non-Government,*
774_a,*,51,*,*,*,*,Non-Government,*
805_a,*,51,*,*,*,*,Non-Government,*
1078_a,*,51,*,*,*,*,Non-Government,*
1330_a,*,51-55,White,*,*,North America,*,*
1150_a,*,51-55,White,*,*,North America,*,*
1063_a,*,51-55,White,*,*,North America,*,*
1152_a,*,51-55,White,*,*,North America,*,*
1447_a,*,51-55,White,*,*,North America,*,*
75_a,*,51-55,White,*,*,North America,*,*
371_a,*,52,White,*,*,North America,Non-Government,Nontechnical
432_a,*,52,White,*,*,North America,Non-Government,Nontechnical
387_a,*,52,White,*,*,North America,Non-Government,Nontechnical
561_a,*,52,White,*,*,North America,Non-Government,Nontechnical
569_a,*,52,White,*,*,North America,Non-Government,Nontechnical
1299_a,*,52,White,*,Higher education,United-States,Non-Government,Nontechnical
8_a,*,52,White,*,Higher education,United-States,Non-Government,Nontechnical
590_a,*,52,White,*,Higher education,United-States,Non-Government,Nontechnical
520_a,*,52,White,*,Higher education,United-States,Non-Government,Nontechnical
1178_a,*,52,White,*,Higher education,United-States,Non-Government,Nontechnical
1494_a,*,52,White,*,Higher education,United-States,Non-Government,Nontechnical
1407_a,*,52,*,*,*,*,*,*
1257_a,*,52,*,*,*,*,*,*
542_a,*,52,*,*,*,*,*,*
969_a,*,52,*,*,*,*,*,*
1131_a,*,52,*,*,*,*,*,*
464_a,*,52,*,*,*,*,*,*
1298_a,*,51-55,*,*,*,*,*,*
1250_a,*,51-55,*,*,*,*,*,*
1123_a,*,51-55,*,*,*,*,*,*
44_a,*,51-55,*,*,*,*,*,*
1256_a,*,51-55,*,*,*,*,*,*
1219_a,*,51-55,*,*,*,*,*,*
1160_a,*,53,*,*,*,United-States,*,Other
209_a,*,53,*,*,*,United-States,*,Other
837_a,*,53,*,*,*,United-States,*,Other
4_a,*,53,*,*,*,United-States,*,Other
1362_a,*,53,*,*,*,United-States,*,Other
840_a,*,53,*,*,*,United-States,*,Other
704_a,*,53,*,Married-civ-spouse,Higher education,*,*,*
1032_a,*,53,*,Married-civ-spouse,Higher education,*,*,*
39_a,*,53,*,Married-civ-spouse,Higher education,*,*,*
107_a,*,53,*,Married-civ-spouse,Higher education,*,*,*
1308_a,*,53,*,Married-civ-spouse,Higher education,*,*,*
63_a,*,53,*,Married-civ-spouse,Higher education,*,*,*
311_a,*,51-55,White,*,*,North America,*,Other
1072_a,*,51-55,White,*,*,North America,*,Other
79_a,*,51-55,White,*,*,North America,*,Other
967_a,*,51-55,White,*,*,North America,*,Other
1373_a,*,51-55,White,*,*,North America,*,Other
764_a,*,51-55,White,*,*,North America,*,Other
427_a,Male,54,*,*,*,United-States,*,*
354_a,Male,54,*,*,*,United-States,*,*
1282_a,Male,54,*,*,*,United-States,*,*
1146_a,Male,54,*,*,*,United-States,*,*
719_a,Male,54,*,*,*,United-States,*,*
517_a,Male,54,*,*,*,United-States,*,*
697_a,Male,54,*,Married-civ-spouse,*,North America,Non-Government,Other
931_a,Male,54,*,Married-civ-spouse,*,North America,Non-Government,Other
1283_a,Male,54,*,Married-civ-spouse,*,North America,Non-Government,Other
208_a,Male,54,*,Married-civ-spouse,*,North America,Non-Government,Other
978_a,Male,54,*,Married-civ-spouse,*,North America,Non-Government,Other
871_a,*,54,*,*,Higher education,United-States,*,*
1480_a,*,54,*,*,Higher education,United-States,*,*
200_a,*,54,*,*,Higher education,United-States,*,*
1116_a,*,54,*,*,Higher education,United-States,*,*
636_a,*,54,*,*,Higher education,United-States,*,*
21_a,*,54,*,*,Higher education,United-States,*,*
687_a,Male,51-55,*,*,*,United-States,Non-Government,Other
1287_a,Male,51-55,*,*,*,United-States,Non-Government,Other
715_a,Male,51-55,*,*,*,United-States,Non-Government,Other
110_a,Male,51-55,*,*,*,United-States,Non-Government,Other
818_a,Male,51-55,*,*,*,United-States,Non-Government,Other
1265_a,Male,51-55,*,*,*,United-States,Non-Government,Other
1217_a,*,55,*,*,*,United-States,*,Other
776_a,*,55,*,*,*,United-States,*,Other
892_a,*,55,*,*,*,United-States,*,Other
310_a,*,55,*,*,*,United-States,*,Other
1124_a,*,55,*,*,*,United-States,*,Other
806_a,*,55,*,*,*,United-States,*,Other
682_a,*,51-60,*,*,*,United-States,Non-Government,Other
767_a,*,51-60,*,*,*,United-States,Non-Government,Other
282_a,*,51-60,*,*,*,United-States,Non-Government,Other
1141_a,*,51-60,*,*,*,United-States,Non-Government,Other
673_a,*,51-60,*,*,*,United-States,Non-Government,Other
1326_a,*,51-60,*,*,*,United-States,Non-Government,Other
918_a,Male,56,White,*,*,*,Non-Government,*
108_a,Male,56,White,*,*,*,Non-Government,*
340_a,Male,56,White,*,*,*,Non-Government,*
947_a,Male,56,White,*,*,*,Non-Government,*
323_a,Male,56,White,*,*,*,Non-Government,*
104_a,Male,56,White,*,*,*,Non-Government,*
751_a,*,56,*,*,*,United-States,*,*
1430_a,*,56,*,*,*,United-States,*,*
25_a,*,56,*,*,*,United-States,*,*
1055_a,*,56,*,*,*,United-States,*,*
1336_a,*,56,*,*,*,United-States,*,*
679_a,*,56,*,*,*,United-States,*,*
1469_a,*,57,*,*,*,United-States,*,*
342_a,*,57,*,*,*,United-States,*,*
1233_a,*,57,*,*,*,United-States,*,*
1225_a,*,57,*,*,*,United-States,*,*
1368_a,*,57,*,*,*,United-States,*,*
494_a,*,57,*,*,*,United-States,*,*
1313_a,Male,57,*,Married-civ-spouse,*,United-States,*,*
1471_a,Male,57,*,Married-civ-spouse,*,United-States,*,*
43_a,Male,57,*,Married-civ-spouse,*,United-States,*,*
535_a,Male,57,*,Married-civ-spouse,*,United-States,*,*
1156_a,Male,57,*,Married-civ-spouse,*,United-States,*,*
759_a,*,56-60,White,*,*,United-States,*,Other
533_a,*,56-60,White,*,*,United-States,*,Other
84_a,*,56-60,White,*,*,United-States,*,Other
543_a,*,56-60,White,*,*,United-States,*,Other
265_a,*,56-60,White,*,*,United-States,*,Other
1184_a,*,56-60,White,*,*,United-States,*,Other
235_a,*,58,*,*,*,United-States,Non-Government,Other
1198_a,*,58,*,*,*,United-States,Non-Government,Other
693_a,*,58,*,*,*,United-States,Non-Government,Other
1243_a,*,58,*,*,*,United-States,Non-Government,Other
1477_a,*,58,*,*,*,United-States,Non-Government,Other
998_a,*,58,*,*,*,United-States,Non-Government,Other
1318_a,*,58,White,*,*,*,*,Other
1361_a,*,58,White,*,*,*,*,Other
585_a,*,58,White,*,*,*,*,Other
1031_a,*,58,White,*,*,*,*,Other
465_a,*,58,White,*,*,*,*,Other
503_a,*,58,White,*,*,*,*,Other
626_a,*,58,White,*,Higher education,United-States,*,*
176_a,*,58,White,*,Higher education,United-States,*,*
305_a,*,58,White,*,Higher education,United-States,*,*
194_a,*,58,White,*,Higher education,United-States,*,*
228_a,*,58,White,*,Higher education,United-States,*,*
928_a,*,58,White,*,Higher education,United-States,*,*
1091_a,*,56-60,*,*,*,United-States,*,*
1385_a,*,56-60,*,*,*,United-States,*,*
450_a,*,56-60,*,*,*,United-States,*,*
244_a,*,56-60,*,*,*,United-States,*,*
1235_a,*,56-60,*,*,*,United-States,*,*
233_a,*,56-60,*,*,*,United-States,*,*
536_a,*,59,White,*,*,United-States,*,*
24_a,*,59,White,*,*,United-States,*,*
1278_a,*,59,White,*,*,United-States,*,*
77_a,*,59,White,*,*,United-States,*,*
702_a,*,59,White,*,*,United-States,*,*
1396_a,*,59,White,*,*,United-States,*,*
1315_a,*,59,White,*,*,*,*,*
1393_a,*,59,White,*,*,*,*,*
1102_a,*,59,White,*,*,*,*,*
1053_a,*,59,White,*,*,*,*,*
219_a,*,59,White,*,*,*,*,*
789_a,*,59,White,*,*,*,*,*
1422_a,Male,56-60,*,*,*,United-States,*,*
199_a,Male,56-60,*,*,*,United-States,*,*
592_a,Male,56-60,*,*,*,United-States,*,*
420_a,Male,56-60,*,*,*,United-States,*,*
906_a,Male,56-60,*,*,*,United-States,*,*
544_a,*,60,White,*,*,United-States,Private,Other
730_a,*,60,White,*,*,United-States,Private,Other
1482_a,*,60,White,*,*,United-States,Private,Other
263_a,*,60,White,*,*,United-States,Private,Other
436_a,*,60,White,*,*,United-States,Private,Other
553_a,*,60,White,*,*,United-States,Private,Other
250_a,*,*,*,*,*,United-States,Non-Government,Nontechnical
1333_a,*,*,*,*,*,United-States,Non-Government,Nontechnical
1350_a,*,*,*,*,*,United-States,Non-Government,Nontechnical
653_a,*,*,*,*,*,United-States,Non-Government,Nontechnical
782_a,*,*,*,*,*,United-States,Non-Government,Nontechnical
1109_a,*,*,*,*,*,United-States,Non-Government,Nontechnical
1059_a,Male,61,White,Married-civ-spouse,HS-grad,United-States,*,*
131_a,Male,61,White,Married-civ-spouse,HS-grad,United-States,*,*
966_a,Male,61,White,Married-civ-spouse,HS-grad,United-States,*,*
977_a,Male,61,White,Married-civ-spouse,HS-grad,United-States,*,*
725_a,Male,61,White,Married-civ-spouse,HS-grad,United-States,*,*
1110_a,Male,61,White,Married-civ-spouse,HS-grad,United-States,*,*
1238_a,*,61-65,White,*,*,*,*,*
732_a,*,61-65,White,*,*,*,*,*
1492_a,*,61-65,White,*,*,*,*,*
1214_a,*,61-65,White,*,*,*,*,*
1244_a,*,61-65,White,*,*,*,*,*
297_a,*,61-65,White,*,*,*,*,*
463_a,*,62,White,*,*,United-States,*,Other
1012_a,*,62,White,*,*,United-States,*,Other
775_a,*,62,White,*,*,United-States,*,Other
1420_a,*,62,White,*,*,United-States,*,Other
760_a,*,62,White,*,*,United-States,*,Other
1145_a,*,62,White,*,*,United-States,*,Other
399_a,*,61-65,*,*,*,United-States,*,*
335_a,*,61-65,*,*,*,United-States,*,*
1040_a,*,61-65,*,*,*,United-States,*,*
771_a,*,61-65,*,*,*,United-States,*,*
303_a,*,61-65,*,*,*,United-States,*,*
908_a,*,61-65,*,*,*,United-States,*,*
247_a,*,61-65,White,*,*,North America,*,*
752_a,*,61-65,White,*,*,North America,*,*
139_a,*,61-65,White,*,*,North America,*,*
743_a,*,61-65,White,*,*,North America,*,*
829_a,*,61-65,White,*,*,North America,*,*
1187_a,*,61-65,White,*,*,North America,*,*
1383_a,*,61-65,*,*,*,United-States,Non-Government,*
1143_a,*,61-65,*,*,*,United-States,Non-Government,*
213_a,*,61-65,*,*,*,United-States,Non-Government,*
330_a,*,61-65,*,*,*,United-States,Non-Government,*
1460_a,*,61-65,*,*,*,United-States,Non-Government,*
275_a,*,61-70,*,*,*,United-States,Non-Government,Other
1092_a,*,61-70,*,*,*,United-States,Non-Government,Other
1266_a,*,61-70,*,*,*,United-States,Non-Government,Other
1075_a,*,61-70,*,*,*,United-States,Non-Government,Other
211_a,*,61-70,*,*,*,United-States,Non-Government,Other
573_a,*,61-70,*,*,*,United-States,Non-Government,Other
896_a,*,66-70,*,*,*,United-States,*,*
306_a,*,66-70,*,*,*,United-States,*,*
929_a,*,66-70,*,*,*,United-States,*,*
157_a,*,66-70,*,*,*,United-States,*,*
492_a,*,66-70,*,*,*,United-States,*,*
1392_a,*,66-70,*,*,*,United-States,*,*
845_a,*,66-70,*,*,*,United-States,*,*
1473_a,*,66-70,*,*,*,United-States,*,*
738_a,*,66-70,*,*,*,United-States,*,*
1497_a,*,66-70,*,*,*,United-States,*,*
439_a,*,66-70,*,*,*,United-States,*,*
1175_a,*,66-70,*,*,*,United-States,*,*
598_a,*,61-80,*,*,*,United-States,*,*
512_a,*,61-80,*,*,*,United-States,*,*
1353_a,*,61-80,*,*,*,United-States,*,*
135_a,*,61-80,*,*,*,United-States,*,*
1027_a,*,61-80,*,*,*,United-States,*,*
1345_a,*,61-80,*,*,*,United-States,*,*
766_a,*,71-75,*,*,*,United-States,Non-Government,*
1230_a,*,71-75,*,*,*,United-States,Non-Government,*
804_a,*,71-75,*,*,*,United-States,Non-Government,*
146_a,*,71-75,*,*,*,United-States,Non-Government,*
509_a,*,71-75,*,*,*,United-States,Non-Government,*
1161_a,*,71-75,*,*,*,United-States,Non-Government,*
93_a,*,71-80,White,*,Higher education,*,Non-Government,*
302_a,*,71-80,White,*,Higher education,*,Non-Government,*
1129_a,*,71-80,White,*,Higher education,*,Non-Government,*
294_a,*,71-80,White,*,Higher education,*,Non-Government,*
485_a,*,71-80,White,*,Higher education,*,Non-Government,*
212_a,*,71-80,White,*,Higher education,*,Non-Government,*
846_a,*,*,*,*,*,United-States,Non-Government,*
69_a,*,*,*,*,*,United-States,Non-Government,*
1076_a,*,*,*,*,*,United-States,Non-Government,*
207_a,*,*,*,*,*,United-States,Non-Government,*
957_a,*,*,*,*,*,United-States,Non-Government,*
902_a,*,*,*,*,*,United-States,Non-Government,*
